id,first_name,last_name,email,age,department,city,salary,experience_years,hire_date,is_manager,performance_score,preferred_name,name
1,Grace,Miller,emp1@company.com,58.0,Engineering,Austin,76910.0,11,2023-08-22,False,4,,Grace Miller
2,Tina,Johnson,emp2@company.com,49.0,Sales,Boston,171888.0,9,2021-11-06,False,5,,Tina Johnson
3,Olivia,Smith,emp3@company.com,31.0,Engineering,Denver,,7,2022-06-07,False,2,,Olivia Smith
4,Kate,Thomas,emp4@company.com,60.0,HR,Denver,154847.0,23,2016-09-20,False,4,,Kate Thomas
5,Henry,Taylor,emp5@company.com,38.0,Marketing,NYC,83467.0,27,2019-06-17,False,3,,Henry Taylor
6,Uma,Brown,emp6@company.com,60.0,Sales,Denver,78893.0,27,2019-08-29,False,3,,Uma Brown
7,Grace,Davis,emp7@company.com,43.0,Engineering,Seattle,121329.0,8,2016-01-22,False,1,,Grace Davis
8,Sam,Thomas,emp8@company.com,47.0,Finance,NYC,76007.0,3,2020-04-19,False,3,,Sam Thomas
9,Wendy,Johnson,emp9@company.com,46.0,Sales,Boston,99253.0,4,2024-05-14,False,3,,Wendy Johnson
10,Kate,Williams,emp10@company.com,38.0,Sales,Austin,57323.0,20,2021-06-01,False,2,,Kate Williams
11,Kate,Thomas,emp11@company.com,34.0,Engineering,Denver,156335.0,7,2021-04-24,False,3,,Kate Thomas
12,Xavier,Smith,emp12@company.com,41.0,Sales,LA,157356.0,22,2018-01-09,True,5,,Xavier Smith
13,Uma,Smith,emp13@company.com,46.0,Finance,Austin,155944.0,8,2015-09-25,False,2,,Uma Smith
14,Diana,Moore,emp14@company.com,25.0,Operations,Miami,61456.0,14,2021-10-02,False,4,,Diana Moore
15,Henry,Williams,emp15@company.com,31.0,Sales,Seattle,76367.0,14,2021-04-01,False,3,,Henry Williams
16,Xavier,Taylor,emp16@company.com,24.0,Operations,Austin,99624.0,15,2020-01-31,False,4,,Xavier Taylor
17,Charlie,Jones,emp17@company.com,62.0,Finance,Seattle,113008.0,13,2024-04-05,False,3,,Charlie Jones
18,Victor,Thomas,emp18@company.com,39.0,Engineering,Seattle,170926.0,7,2020-06-21,False,2,,Victor Thomas
19,Uma,Williams,emp19@company.com,57.0,Marketing,Seattle,160395.0,17,2023-04-22,False,2,,Uma Williams
20,Bob,Smith,emp20@company.com,43.0,Sales,Boston,161492.0,9,2018-10-12,False,2,,Bob Smith
21,Xavier,Smith,emp21@company.com,55.0,Marketing,Seattle,117240.0,27,2018-05-21,False,2,,Xavier Smith
22,Leo,Davis,emp22@company.com,29.0,Finance,Seattle,109315.0,19,2016-07-27,False,4,,Leo Davis
23,Frank,Anderson,emp23@company.com,61.0,Sales,Miami,55756.0,5,2015-02-18,True,4,,Frank Anderson
24,Bob,Taylor,emp24@company.com,40.0,Operations,LA,81378.0,11,2018-02-24,True,4,,Bob Taylor
25,Uma,Thomas,emp25@company.com,63.0,HR,NYC,,1,2015-08-11,False,4,,Uma Thomas
26,Alice,Moore,emp26@company.com,62.0,Marketing,Chicago,101549.0,6,2023-02-16,False,2,,Alice Moore
27,Leo,Moore,emp27@company.com,58.0,Sales,Miami,118794.0,15,2024-03-04,False,3,,Leo Moore
28,Victor,Thomas,emp28@company.com,27.0,Marketing,NYC,90113.0,2,2018-12-02,True,3,,Victor Thomas
29,Leo,White,emp29@company.com,47.0,Sales,Seattle,119069.0,12,2019-03-09,False,3,,Leo White
30,Quinn,Johnson,emp30@company.com,55.0,Engineering,LA,170541.0,2,2024-03-19,False,3,,Quinn Johnson
31,Jack,Moore,emp31@company.com,27.0,Operations,Austin,54686.0,26,2019-12-25,True,3,,Jack Moore
32,Paul,Williams,emp32@company.com,58.0,Marketing,LA,98363.0,17,2021-05-13,True,3,,Paul Williams
33,Olivia,Johnson,emp33@company.com,,HR,Miami,142543.0,10,2019-01-01,False,3,,Olivia Johnson
34,Olivia,Williams,emp34@company.com,,HR,Seattle,176733.0,7,2018-02-04,False,4,,Olivia Williams
35,Sam,Miller,emp35@company.com,42.0,Finance,LA,140673.0,5,2019-08-09,False,4,,Sam Miller
36,Leo,Smith,emp36@company.com,27.0,Sales,Denver,87828.0,0,2021-10-03,False,3,,Leo Smith
37,Wendy,Anderson,emp37@company.com,27.0,Marketing,LA,93604.0,27,2022-04-12,False,5,,Wendy Anderson
38,Tina,Davis,emp38@company.com,25.0,Finance,Seattle,55526.0,0,2016-01-10,True,5,,Tina Davis
39,Charlie,Moore,emp39@company.com,,Marketing,Boston,113910.0,22,2020-10-21,False,3,,Charlie Moore
40,Eve,Anderson,emp40@company.com,32.0,Sales,Denver,70592.0,7,2020-07-14,False,3,,Eve Anderson
41,Sam,Anderson,emp41@company.com,51.0,HR,LA,73982.0,4,2017-11-19,False,3,,Sam Anderson
42,Grace,Anderson,emp42@company.com,52.0,Engineering,Chicago,45207.0,27,2023-12-04,False,5,,Grace Anderson
43,Uma,White,emp43@company.com,45.0,HR,Chicago,133733.0,15,2024-05-28,False,4,,Uma White
44,Ivy,Johnson,emp44@company.com,30.0,Finance,LA,169982.0,10,2020-03-04,False,2,,Ivy Johnson
45,Grace,Williams,emp45@company.com,24.0,Operations,Boston,113619.0,4,2019-12-29,False,3,,Grace Williams
46,Rose,Martinez,emp46@company.com,52.0,Engineering,Austin,91479.0,3,2019-01-14,False,3,,Rose Martinez
47,Diana,Miller,emp47@company.com,61.0,Finance,Seattle,126437.0,29,2021-02-20,False,3,,Diana Miller
48,Noah,Brown,emp48@company.com,58.0,Sales,Chicago,143540.0,5,2018-03-25,True,2,,Noah Brown
49,Rose,Anderson,emp49@company.com,57.0,Engineering,Austin,117982.0,13,2023-11-18,True,4,,Rose Anderson
50,Ivy,Jones,emp50@company.com,45.0,Finance,LA,147747.0,21,2022-12-04,False,4,,Ivy Jones
51,Uma,Johnson,emp51@company.com,52.0,Sales,Miami,93231.0,18,2017-11-30,False,4,,Uma Johnson
52,Bob,Moore,emp52@company.com,27.0,HR,Austin,74301.0,8,2023-08-01,True,4,,Bob Moore
53,Tina,Taylor,emp53@company.com,23.0,Operations,Denver,63752.0,11,2020-09-01,False,4,Bobby,Tina Taylor
54,Olivia,Moore,emp54@company.com,41.0,Sales,NYC,143452.0,10,2015-12-26,True,3,,Olivia Moore
55,Grace,Davis,emp55@company.com,49.0,Marketing,Chicago,166237.0,13,2023-08-13,False,4,Di,Grace Davis
56,Leo,Brown,emp56@company.com,32.0,Sales,LA,101273.0,22,2022-02-20,False,2,,Leo Brown
57,Henry,Martinez,emp57@company.com,25.0,Sales,Miami,136878.0,15,2022-06-12,False,4,Hank,Henry Martinez
58,Olivia,Jones,emp58@company.com,36.0,Operations,Seattle,49895.0,0,2020-08-03,False,2,,Olivia Jones
59,Charlie,Moore,emp59@company.com,27.0,Marketing,Miami,164968.0,12,2018-02-15,False,4,,Charlie Moore
60,Noah,Martinez,emp60@company.com,51.0,Finance,Boston,160700.0,22,2019-06-24,True,3,,Noah Martinez
61,Quinn,Brown,emp61@company.com,59.0,Finance,Denver,121559.0,20,2018-11-04,False,2,,Quinn Brown
62,Diana,Anderson,emp62@company.com,23.0,Sales,LA,,20,2020-04-27,False,2,,Diana Anderson
63,Rose,Jones,emp63@company.com,36.0,Marketing,Seattle,54715.0,29,2016-11-09,False,1,,Rose Jones
64,Henry,Martinez,emp64@company.com,32.0,Marketing,Boston,64169.0,12,2024-03-15,False,4,,Henry Martinez
65,Diana,Davis,emp65@company.com,29.0,Operations,Boston,163413.0,1,2021-10-23,True,4,,Diana Davis
66,Bob,Williams,emp66@company.com,47.0,HR,LA,164264.0,3,2023-02-28,False,3,,Bob Williams
67,Frank,Smith,emp67@company.com,26.0,Finance,Denver,50782.0,27,2015-01-07,False,2,,Frank Smith
68,Victor,Williams,emp68@company.com,27.0,Operations,Austin,169481.0,5,2023-12-12,False,2,,Victor Williams
69,Jack,Brown,emp69@company.com,47.0,Engineering,Austin,,25,2021-10-04,False,1,,Jack Brown
70,Diana,Johnson,emp70@company.com,25.0,Finance,Boston,75682.0,26,2019-05-11,False,2,,Diana Johnson
71,Victor,Smith,emp71@company.com,40.0,Operations,Austin,174992.0,22,2017-04-12,False,4,,Victor Smith
72,Rose,Miller,emp72@company.com,41.0,Finance,NYC,129416.0,26,2023-12-09,True,3,,Rose Miller
73,Leo,Davis,emp73@company.com,54.0,HR,Boston,172810.0,4,2022-02-19,False,3,,Leo Davis
74,Bob,Miller,emp74@company.com,41.0,Engineering,Boston,83067.0,24,2023-10-25,False,2,,Bob Miller
75,Jack,White,emp75@company.com,33.0,HR,Seattle,63073.0,2,2019-12-16,False,3,,Jack White
76,Diana,Jones,emp76@company.com,22.0,Engineering,Austin,81035.0,0,2023-12-18,False,3,,Diana Jones
77,Noah,Thomas,emp77@company.com,47.0,Sales,Denver,135373.0,3,2017-07-02,False,4,,Noah Thomas
78,Paul,Smith,emp78@company.com,35.0,Operations,Boston,128362.0,24,2020-07-04,True,3,,Paul Smith
79,Olivia,Miller,emp79@company.com,59.0,Engineering,Miami,135517.0,19,2018-12-13,False,2,,Olivia Miller
80,Henry,Moore,emp80@company.com,58.0,HR,Denver,,1,2018-12-21,False,3,,Henry Moore
81,Noah,Miller,emp81@company.com,32.0,Finance,NYC,55382.0,25,2023-05-13,False,3,,Noah Miller
82,Wendy,Martinez,emp82@company.com,57.0,Engineering,Seattle,106929.0,29,2019-02-11,False,3,,Wendy Martinez
83,Henry,Williams,emp83@company.com,34.0,Operations,LA,143864.0,29,2015-05-06,False,5,,Henry Williams
84,Uma,Martinez,emp84@company.com,64.0,Engineering,Denver,70169.0,4,2021-09-08,False,4,,Uma Martinez
85,Paul,White,emp85@company.com,24.0,Marketing,Boston,132468.0,2,2017-03-27,True,3,,Paul White
86,Maya,Smith,emp86@company.com,54.0,Finance,NYC,79594.0,28,2023-01-07,False,3,,Maya Smith
87,Rose,Smith,emp87@company.com,27.0,Operations,Chicago,90033.0,27,2020-01-04,False,3,,Rose Smith
88,Olivia,White,emp88@company.com,31.0,Operations,NYC,108133.0,28,2016-07-29,False,3,,Olivia White
89,Uma,Brown,emp89@company.com,26.0,Sales,NYC,118861.0,8,2021-06-30,True,4,,Uma Brown
90,Xavier,Martinez,emp90@company.com,44.0,HR,Seattle,76750.0,19,2018-11-16,False,4,,Xavier Martinez
91,Maya,Garcia,emp91@company.com,31.0,Sales,LA,85461.0,5,2017-07-18,False,2,,Maya Garcia
92,Ivy,Moore,emp92@company.com,23.0,Operations,Chicago,123222.0,17,2019-01-03,False,3,,Ivy Moore
93,Olivia,Taylor,emp93@company.com,34.0,Finance,Austin,157020.0,5,2023-12-20,True,3,,Olivia Taylor
94,Maya,Williams,emp94@company.com,61.0,Engineering,Austin,69226.0,18,2017-04-12,False,4,,Maya Williams
95,Alice,Smith,emp95@company.com,,Engineering,Denver,51721.0,27,2017-11-20,False,4,,Alice Smith
96,Grace,Brown,emp96@company.com,41.0,Finance,NYC,65609.0,11,2024-06-21,False,3,,Grace Brown
97,Ivy,Thomas,emp97@company.com,22.0,Operations,Miami,175513.0,24,2019-07-07,False,2,,Ivy Thomas
98,Xavier,Moore,emp98@company.com,58.0,Engineering,Seattle,149211.0,10,2020-03-15,False,4,,Xavier Moore
99,Alice,Martinez,emp99@company.com,30.0,Engineering,Miami,169865.0,1,2018-12-28,False,2,,Alice Martinez
100,Leo,Williams,emp100@company.com,38.0,Engineering,Seattle,,14,2022-11-24,False,3,,Leo Williams
101,Henry,Thomas,emp101@company.com,30.0,HR,Austin,109309.0,11,2023-02-21,False,2,,Henry Thomas
102,Xavier,Martinez,emp102@company.com,32.0,HR,Denver,74984.0,11,2018-10-31,False,4,,Xavier Martinez
103,Kate,Miller,emp103@company.com,36.0,Marketing,Denver,163947.0,8,2024-05-08,False,3,,Kate Miller
104,Sam,Thomas,emp4@company.com,45.0,Sales,Denver,50901.0,20,2016-03-18,False,3,,Sam Thomas
105,Quinn,White,emp105@company.com,59.0,Finance,Chicago,76055.0,23,2020-10-23,True,4,,Quinn White
106,Henry,Brown,emp106@company.com,56.0,Finance,LA,159099.0,1,2016-07-10,True,3,,Henry Brown
107,Charlie,Williams,emp107@company.com,51.0,Finance,Chicago,56138.0,21,2018-03-24,True,3,,Charlie Williams
108,Charlie,Anderson,emp8@company.com,52.0,Marketing,Boston,68429.0,2,2020-07-30,False,3,Frankie,Charlie Anderson
109,Alice,Jones,emp109@company.com,26.0,HR,Boston,95200.0,11,2015-12-29,False,1,,Alice Jones
110,Eve,Jones,emp110@company.com,35.0,Operations,Miami,146268.0,27,2021-10-31,True,4,,Eve Jones
111,Jack,Williams,emp111@company.com,32.0,Operations,LA,62347.0,29,2018-06-11,False,2,,Jack Williams
112,Grace,Thomas,emp112@company.com,30.0,Marketing,Austin,76822.0,25,2020-01-16,False,3,,Grace Thomas
113,Ivy,Martinez,emp113@company.com,55.0,Operations,LA,85108.0,15,2021-04-28,False,3,,Ivy Martinez
114,Grace,Brown,emp114@company.com,33.0,Finance,Seattle,173955.0,20,2020-01-25,False,4,,Grace Brown
115,Ivy,Taylor,emp115@company.com,56.0,Sales,Boston,52967.0,27,2020-12-12,False,4,,Ivy Taylor
116,Henry,Jones,emp116@company.com,56.0,Engineering,NYC,155719.0,23,2017-06-29,True,3,Bobby,Henry Jones
117,Leo,Brown,emp117@company.com,22.0,HR,NYC,56871.0,25,2015-09-02,False,1,,Leo Brown
118,Bob,Jones,emp118@company.com,61.0,HR,Austin,73179.0,29,2016-06-25,False,4,,Bob Jones
119,Alice,Miller,emp119@company.com,43.0,Marketing,Seattle,100099.0,0,2021-12-07,False,3,,Alice Miller
120,Paul,Martinez,emp120@company.com,50.0,HR,Miami,80262.0,20,2020-12-09,False,4,,Paul Martinez
121,Wendy,Miller,emp121@company.com,29.0,Finance,Chicago,123213.0,2,2020-12-12,False,4,,Wendy Miller
122,Wendy,Moore,emp122@company.com,32.0,Operations,Seattle,162407.0,19,2019-04-22,True,4,,Wendy Moore
123,Xavier,Jones,emp123@company.com,62.0,Finance,NYC,131269.0,1,2021-01-26,False,3,,Xavier Jones
124,Eve,Anderson,emp124@company.com,58.0,Marketing,NYC,105545.0,8,2015-05-04,False,3,Bobby,Eve Anderson
125,Charlie,Anderson,emp125@company.com,35.0,Finance,Miami,84922.0,18,2023-07-04,False,4,,Charlie Anderson
126,Leo,Miller,emp126@company.com,51.0,Operations,Boston,87913.0,14,2023-08-25,True,3,,Leo Miller
127,Henry,White,emp127@company.com,56.0,Sales,Seattle,142033.0,17,2022-05-17,False,2,,Henry White
128,Victor,Anderson,emp128@company.com,42.0,Marketing,Seattle,149792.0,25,2019-09-28,False,4,,Victor Anderson
129,Charlie,Jones,emp129@company.com,58.0,Sales,NYC,164863.0,10,2017-02-24,False,4,,Charlie Jones
130,Alice,Williams,emp130@company.com,,Engineering,Chicago,89936.0,24,2020-08-05,False,3,,Alice Williams
131,Charlie,Miller,emp131@company.com,,Sales,Austin,73141.0,22,2021-02-26,False,2,,Charlie Miller
132,Eve,Moore,emp132@company.com,35.0,Engineering,Denver,142359.0,15,2021-08-13,False,3,,Eve Moore
133,Olivia,Taylor,emp133@company.com,47.0,Engineering,Austin,168279.0,21,2017-03-07,False,4,,Olivia Taylor
134,Noah,Taylor,emp134@company.com,25.0,Sales,Seattle,86568.0,16,2015-03-18,False,5,,Noah Taylor
135,Charlie,Johnson,emp135@company.com,46.0,Marketing,Austin,142539.0,4,2015-02-28,False,3,,Charlie Johnson
136,Alice,Thomas,emp136@company.com,63.0,Operations,NYC,91851.0,11,2021-10-14,False,2,,Alice Thomas
137,Eve,Martinez,emp37@company.com,46.0,Finance,NYC,99823.0,10,2022-05-09,False,4,,Eve Martinez
138,Wendy,Anderson,emp38@company.com,39.0,Finance,Miami,68312.0,29,2019-03-04,False,3,,Wendy Anderson
139,Noah,Anderson,emp39@company.com,61.0,Operations,Seattle,143723.0,14,2020-04-20,False,3,,Noah Anderson
140,Grace,Thomas,emp140@company.com,29.0,Engineering,Miami,57411.0,26,2020-11-26,False,5,,Grace Thomas
141,Ivy,Smith,emp141@company.com,60.0,Engineering,Seattle,102009.0,2,2023-05-14,False,2,,Ivy Smith
142,Olivia,Moore,emp142@company.com,61.0,Marketing,Denver,77371.0,0,2018-07-25,True,4,,Olivia Moore
143,Olivia,Garcia,emp143@company.com,35.0,HR,Denver,102022.0,19,2015-03-09,False,2,,Olivia Garcia
144,Jack,Miller,emp144@company.com,53.0,Sales,Boston,116229.0,28,2023-08-07,False,3,,Jack Miller
145,Maya,White,emp145@company.com,59.0,Engineering,Seattle,144071.0,15,2023-11-11,False,4,Di,Maya White
146,Sam,Moore,emp146@company.com,54.0,Finance,Chicago,141774.0,1,2021-06-10,False,3,,Sam Moore
147,Grace,Davis,emp147@company.com,44.0,Marketing,Austin,71715.0,1,2020-04-16,False,5,,Grace Davis
148,Quinn,Anderson,emp148@company.com,36.0,Sales,Seattle,72605.0,2,2022-06-14,False,3,,Quinn Anderson
149,Tina,Martinez,emp149@company.com,54.0,Marketing,LA,144853.0,7,2015-12-31,False,3,,Tina Martinez
150,Diana,Johnson,emp150@company.com,46.0,Sales,Boston,76174.0,23,2017-03-31,False,3,,Diana Johnson
151,Eve,Taylor,emp151@company.com,38.0,Sales,LA,121373.0,27,2018-11-03,False,3,,Eve Taylor
152,Wendy,Anderson,emp152@company.com,54.0,Operations,NYC,114252.0,14,2021-07-18,False,3,,Wendy Anderson
153,Grace,Johnson,emp153@company.com,23.0,Engineering,Denver,115017.0,6,2017-08-04,False,2,,Grace Johnson
154,Maya,Jones,emp154@company.com,35.0,Marketing,Austin,108037.0,5,2023-01-25,False,3,,Maya Jones
155,Olivia,Moore,emp155@company.com,61.0,Marketing,Seattle,134818.0,8,2019-04-27,False,3,,Olivia Moore
156,Kate,Jones,emp156@company.com,61.0,Operations,LA,51548.0,19,2018-10-09,False,4,Hank,Kate Jones
157,Diana,Garcia,emp157@company.com,,Finance,Austin,161981.0,27,2018-12-10,False,4,,Diana Garcia
158,Maya,Williams,emp158@company.com,27.0,Finance,NYC,69022.0,0,2023-09-16,False,4,,Maya Williams
159,Grace,Davis,emp159@company.com,27.0,Engineering,Denver,151297.0,7,2017-01-31,False,1,,Grace Davis
160,Sam,Moore,emp160@company.com,24.0,Engineering,Chicago,105428.0,22,2015-12-07,False,3,,Sam Moore
161,Victor,Smith,emp161@company.com,28.0,HR,Boston,104353.0,22,2023-03-09,False,4,,Victor Smith
162,Bob,Garcia,emp162@company.com,29.0,Operations,Austin,158132.0,2,2016-01-18,False,3,Frankie,Bob Garcia
163,Jack,Brown,emp163@company.com,63.0,Finance,Austin,61052.0,3,2017-09-30,True,1,,Jack Brown
164,Maya,Smith,emp164@company.com,36.0,Sales,Chicago,145689.0,25,2019-04-06,True,4,,Maya Smith
165,Uma,Miller,emp165@company.com,50.0,Marketing,Austin,176743.0,24,2015-10-27,False,4,,Uma Miller
166,Frank,Martinez,emp166@company.com,54.0,Engineering,NYC,45163.0,14,2015-05-19,False,3,,Frank Martinez
167,Leo,Moore,emp167@company.com,51.0,Marketing,NYC,86424.0,5,2015-12-25,False,2,Frankie,Leo Moore
168,Leo,Brown,emp168@company.com,60.0,Marketing,Chicago,67420.0,14,2017-04-15,False,4,,Leo Brown
169,Tina,Brown,emp169@company.com,,HR,Boston,165575.0,20,2019-03-03,False,3,,Tina Brown
170,Kate,Garcia,emp170@company.com,57.0,Finance,Seattle,74300.0,2,2024-06-18,False,4,,Kate Garcia
171,Wendy,Thomas,emp171@company.com,50.0,Engineering,LA,134881.0,24,2019-06-16,False,4,,Wendy Thomas
172,Grace,Williams,emp172@company.com,59.0,Marketing,Seattle,,20,2020-06-05,False,4,Di,Grace Williams
173,Alice,Moore,emp173@company.com,54.0,Engineering,Austin,149131.0,20,2018-07-27,True,3,,Alice Moore
174,Alice,Thomas,emp174@company.com,58.0,Sales,LA,173563.0,13,2021-12-05,False,2,,Alice Thomas
175,Tina,Garcia,emp175@company.com,48.0,HR,Miami,82487.0,19,2017-06-27,True,4,,Tina Garcia
176,Maya,Miller,emp176@company.com,54.0,Sales,Chicago,66223.0,13,2018-02-08,False,4,,Maya Miller
177,Ivy,Taylor,emp177@company.com,25.0,Engineering,Chicago,117930.0,3,2022-12-23,False,4,,Ivy Taylor
178,Charlie,Anderson,emp178@company.com,,Engineering,Boston,73380.0,11,2020-12-26,True,2,,Charlie Anderson
179,Grace,Anderson,emp179@company.com,23.0,Finance,LA,71035.0,16,2017-09-22,False,2,,Grace Anderson
180,Frank,Williams,emp180@company.com,31.0,Marketing,NYC,75620.0,6,2021-10-18,False,4,,Frank Williams
181,Henry,Miller,emp181@company.com,26.0,Marketing,LA,162360.0,8,2021-12-31,False,4,Al,Henry Miller
182,Ivy,White,emp182@company.com,31.0,Sales,Austin,98352.0,2,2021-05-09,False,5,,Ivy White
183,Eve,Williams,emp183@company.com,54.0,HR,NYC,48191.0,27,2023-09-06,True,4,,Eve Williams
184,Alice,Moore,emp184@company.com,59.0,Operations,Denver,135536.0,12,2020-11-21,False,3,,Alice Moore
185,Sam,Moore,emp185@company.com,34.0,Marketing,Denver,149576.0,14,2018-05-22,False,4,,Sam Moore
186,Jack,Johnson,emp186@company.com,52.0,Finance,Miami,48631.0,17,2019-11-20,False,4,,Jack Johnson
187,Leo,Thomas,emp187@company.com,57.0,Sales,Denver,87080.0,18,2022-09-10,False,3,,Leo Thomas
188,Xavier,White,emp188@company.com,45.0,Sales,Chicago,135353.0,0,2022-10-05,False,4,,Xavier White
189,Olivia,Anderson,emp189@company.com,36.0,Operations,LA,73671.0,5,2015-06-14,False,2,,Olivia Anderson
190,Victor,Brown,emp190@company.com,50.0,Finance,Denver,167811.0,26,2017-09-25,False,3,,Victor Brown
191,Xavier,Thomas,emp191@company.com,29.0,HR,Seattle,172734.0,26,2022-01-11,False,4,,Xavier Thomas
192,Ivy,Davis,emp192@company.com,26.0,Finance,Boston,96399.0,22,2018-07-31,False,3,,Ivy Davis
193,Tina,Moore,emp193@company.com,50.0,HR,Seattle,52099.0,26,2022-01-08,False,3,,Tina Moore
194,Quinn,Martinez,emp194@company.com,25.0,Finance,Denver,101492.0,26,2016-10-18,False,3,,Quinn Martinez
195,Quinn,Miller,emp195@company.com,33.0,Finance,Miami,141722.0,1,2022-04-14,False,3,,Quinn Miller
196,Tina,Smith,emp196@company.com,,Engineering,Boston,75111.0,23,2021-01-20,False,3,,Tina Smith
197,Leo,Williams,emp197@company.com,48.0,Sales,Austin,108936.0,13,2020-03-24,False,3,,Leo Williams
198,Grace,Moore,emp198@company.com,52.0,Finance,Seattle,105920.0,5,2020-08-08,False,5,,Grace Moore
199,Bob,Thomas,emp199@company.com,57.0,Operations,Miami,108530.0,13,2020-10-12,False,3,,Bob Thomas
200,Charlie,White,emp200@company.com,57.0,Finance,LA,52788.0,3,2023-08-29,True,2,,Charlie White
201,Quinn,Martinez,emp201@company.com,47.0,Marketing,LA,73082.0,20,2018-02-14,False,2,,Quinn Martinez
202,Eve,Thomas,emp102@company.com,64.0,Sales,Seattle,,7,2020-03-04,False,4,,Eve Thomas
203,Quinn,Smith,emp203@company.com,48.0,Marketing,Denver,134570.0,29,2015-09-24,True,3,,Quinn Smith
204,Xavier,Martinez,emp204@company.com,26.0,Sales,Miami,146015.0,2,2020-01-20,True,4,,Xavier Martinez
205,Quinn,Davis,emp205@company.com,41.0,Marketing,LA,128588.0,18,2019-09-05,False,4,Chuck,Quinn Davis
206,Quinn,Smith,emp206@company.com,32.0,Finance,Austin,133340.0,29,2023-10-17,False,4,,Quinn Smith
207,Bob,Garcia,emp207@company.com,31.0,Finance,NYC,139439.0,13,2021-04-12,False,3,,Bob Garcia
208,Bob,Jones,emp208@company.com,61.0,Engineering,Denver,160053.0,26,2021-09-08,False,4,,Bob Jones
209,Victor,Garcia,emp209@company.com,59.0,Operations,Miami,93355.0,19,2019-02-19,False,3,,Victor Garcia
210,Wendy,Anderson,emp210@company.com,27.0,Marketing,Austin,,16,2016-04-20,False,5,Di,Wendy Anderson
211,Eve,Thomas,emp211@company.com,29.0,HR,Miami,109027.0,24,2017-09-03,False,4,,Eve Thomas
212,Alice,Moore,emp212@company.com,44.0,Engineering,Boston,137601.0,7,2018-04-22,False,3,,Alice Moore
213,Alice,Moore,emp213@company.com,47.0,Marketing,Austin,74956.0,23,2017-11-09,False,3,Al,Alice Moore
214,Sam,Moore,emp214@company.com,64.0,Marketing,Denver,149797.0,13,2020-05-14,False,2,,Sam Moore
215,Bob,Jones,emp215@company.com,33.0,Engineering,Boston,169917.0,25,2016-07-11,False,4,,Bob Jones
216,Uma,Garcia,emp216@company.com,47.0,Finance,Denver,171303.0,5,2017-10-14,False,3,,Uma Garcia
217,Leo,Jones,emp217@company.com,34.0,Marketing,LA,87533.0,22,2019-05-25,False,3,,Leo Jones
218,Frank,Taylor,emp218@company.com,61.0,Finance,NYC,123815.0,21,2017-06-01,False,3,Bobby,Frank Taylor
219,Wendy,Thomas,emp219@company.com,39.0,Engineering,Denver,84279.0,15,2021-01-03,False,4,,Wendy Thomas
220,Diana,Jones,emp220@company.com,46.0,Finance,Denver,154787.0,24,2016-10-27,False,4,,Diana Jones
221,Wendy,Brown,emp221@company.com,54.0,Sales,LA,106063.0,18,2024-03-29,False,4,,Wendy Brown
222,Kate,Williams,emp222@company.com,61.0,HR,Chicago,172896.0,13,2022-04-21,False,4,,Kate Williams
223,Xavier,Williams,emp123@company.com,64.0,Marketing,LA,142661.0,18,2019-11-07,False,2,,Xavier Williams
224,Quinn,Brown,emp224@company.com,33.0,Operations,Boston,168257.0,2,2022-11-07,False,2,Frankie,Quinn Brown
225,Frank,Martinez,emp225@company.com,57.0,HR,LA,131205.0,9,2017-05-13,False,4,,Frank Martinez
226,Xavier,Johnson,emp226@company.com,25.0,Finance,LA,51910.0,18,2016-08-04,False,3,,Xavier Johnson
227,Eve,Martinez,emp227@company.com,26.0,Marketing,NYC,91857.0,8,2023-05-29,False,3,Frankie,Eve Martinez
228,Tina,Smith,emp228@company.com,58.0,Finance,LA,79964.0,27,2016-11-25,False,1,,Tina Smith
229,Bob,White,emp229@company.com,29.0,Sales,Miami,62153.0,19,2018-06-05,True,3,,Bob White
230,Frank,Smith,emp230@company.com,63.0,Engineering,Denver,104765.0,12,2023-09-09,True,1,,Frank Smith
231,Victor,Jones,emp231@company.com,49.0,Marketing,Miami,153212.0,6,2019-05-30,False,4,,Victor Jones
232,Kate,Garcia,emp232@company.com,52.0,Sales,NYC,84071.0,13,2024-07-20,False,3,,Kate Garcia
233,Paul,Garcia,emp233@company.com,30.0,Sales,Seattle,157990.0,8,2018-05-24,False,3,,Paul Garcia
234,Paul,Williams,emp234@company.com,50.0,Marketing,Chicago,114519.0,26,2021-09-20,False,1,,Paul Williams
235,Alice,Miller,emp235@company.com,35.0,Finance,Miami,54503.0,27,2016-02-03,False,4,Hank,Alice Miller
236,Ivy,Martinez,emp236@company.com,61.0,Operations,NYC,140457.0,22,2020-04-30,False,3,,Ivy Martinez
237,Frank,Taylor,emp237@company.com,62.0,Sales,Boston,90838.0,24,2016-12-15,False,4,,Frank Taylor
238,Paul,Thomas,emp238@company.com,43.0,HR,Seattle,170200.0,27,2016-12-04,False,4,,Paul Thomas
239,Charlie,Anderson,emp239@company.com,32.0,Sales,NYC,134489.0,18,2022-09-09,False,3,,Charlie Anderson
240,Tina,Davis,emp240@company.com,44.0,Operations,NYC,71806.0,14,2021-12-21,False,5,,Tina Davis
241,Diana,Garcia,emp241@company.com,22.0,Finance,Chicago,115119.0,19,2019-09-11,False,5,,Diana Garcia
242,Sam,Thomas,emp242@company.com,58.0,Finance,Denver,83714.0,13,2020-05-26,False,4,Frankie,Sam Thomas
243,Charlie,Davis,emp143@company.com,42.0,HR,Miami,100419.0,23,2023-04-10,False,4,Frankie,Charlie Davis
244,Sam,Thomas,emp244@company.com,47.0,Sales,Boston,150432.0,5,2015-03-23,False,3,,Sam Thomas
245,Tina,Jones,emp245@company.com,57.0,Finance,Austin,137949.0,20,2016-08-26,True,3,,Tina Jones
246,Grace,Davis,emp246@company.com,44.0,Operations,Miami,178533.0,28,2020-05-24,True,2,,Grace Davis
247,Tina,Anderson,emp247@company.com,22.0,Marketing,Austin,121971.0,3,2019-09-07,False,2,,Tina Anderson
248,Ivy,Thomas,emp248@company.com,61.0,Engineering,NYC,138471.0,7,2020-08-08,True,5,,Ivy Thomas
249,Alice,Brown,emp249@company.com,36.0,Engineering,LA,109946.0,16,2022-09-20,False,3,,Alice Brown
250,Henry,Anderson,emp250@company.com,42.0,Engineering,Boston,,29,2017-06-21,False,4,,Henry Anderson
251,Grace,Davis,emp251@company.com,30.0,Sales,Seattle,129080.0,8,2015-12-31,True,4,Bobby,Grace Davis
252,Rose,Anderson,emp252@company.com,30.0,HR,LA,122794.0,0,2015-06-12,False,4,Di,Rose Anderson
253,Henry,Thomas,emp253@company.com,31.0,Finance,LA,75841.0,23,2023-07-17,False,5,,Henry Thomas
254,Alice,Johnson,emp254@company.com,47.0,Marketing,Miami,169447.0,19,2022-01-02,False,3,,Alice Johnson
255,Kate,Thomas,emp255@company.com,62.0,Operations,Boston,165029.0,24,2024-04-23,False,1,,Kate Thomas
256,Rose,Thomas,emp256@company.com,,Marketing,Denver,121272.0,13,2020-02-07,False,3,,Rose Thomas
257,Wendy,Jones,emp257@company.com,,Operations,NYC,82643.0,10,2015-04-26,True,2,,Wendy Jones
258,Jack,Martinez,emp258@company.com,47.0,Sales,NYC,88950.0,20,2023-03-08,False,1,,Jack Martinez
259,Charlie,Brown,emp159@company.com,32.0,Engineering,NYC,145500.0,2,2021-07-12,False,3,,Charlie Brown
260,Grace,Taylor,emp260@company.com,59.0,Sales,NYC,170588.0,8,2017-05-30,False,4,,Grace Taylor
261,Paul,Garcia,emp261@company.com,23.0,HR,Miami,60997.0,26,2022-08-16,False,3,,Paul Garcia
262,Paul,Smith,emp262@company.com,28.0,HR,Austin,124751.0,13,2017-04-19,False,3,,Paul Smith
263,Tina,Martinez,emp263@company.com,39.0,Operations,NYC,143605.0,29,2021-01-03,False,4,,Tina Martinez
264,Quinn,Smith,emp264@company.com,48.0,Finance,Austin,100533.0,8,2018-09-08,False,3,,Quinn Smith
265,Bob,Jones,emp265@company.com,55.0,Finance,Austin,127566.0,3,2021-10-26,False,1,Bobby,Bob Jones
266,Alice,Brown,emp266@company.com,,Operations,Denver,153255.0,26,2022-11-24,False,4,,Alice Brown
267,Paul,Moore,emp167@company.com,38.0,HR,NYC,103005.0,3,2017-11-02,False,4,,Paul Moore
268,Leo,Thomas,emp268@company.com,64.0,HR,Chicago,88541.0,27,2017-07-31,False,4,,Leo Thomas
269,Eve,Moore,emp269@company.com,45.0,HR,Seattle,68387.0,7,2019-09-21,False,1,,Eve Moore
270,Eve,Moore,emp270@company.com,46.0,Sales,LA,138980.0,1,2021-05-23,False,4,,Eve Moore
271,Wendy,White,emp271@company.com,28.0,HR,Austin,130457.0,8,2022-07-30,False,4,,Wendy White
272,Ivy,Williams,emp272@company.com,27.0,Marketing,Boston,109028.0,28,2018-02-11,False,3,,Ivy Williams
273,Ivy,Moore,emp273@company.com,45.0,Engineering,Boston,164246.0,13,2021-12-02,False,4,,Ivy Moore
274,Charlie,Garcia,emp274@company.com,54.0,HR,Seattle,100731.0,21,2015-01-22,False,4,,Charlie Garcia
275,Sam,Johnson,emp275@company.com,50.0,Operations,Boston,89638.0,8,2024-05-13,False,3,,Sam Johnson
276,Paul,Williams,emp276@company.com,64.0,Engineering,Chicago,65567.0,23,2019-10-16,False,3,,Paul Williams
277,Paul,Jones,emp277@company.com,43.0,Sales,Boston,102804.0,22,2016-11-13,False,5,,Paul Jones
278,Charlie,Martinez,emp178@company.com,47.0,Operations,LA,153821.0,15,2023-02-01,True,4,,Charlie Martinez
279,Tina,Johnson,emp279@company.com,49.0,Engineering,LA,,28,2020-01-08,False,3,,Tina Johnson
280,Xavier,Anderson,emp280@company.com,42.0,Operations,Austin,72044.0,29,2021-06-25,False,4,,Xavier Anderson
281,Victor,Davis,emp281@company.com,28.0,Sales,NYC,112260.0,16,2015-05-06,False,3,,Victor Davis
282,Xavier,White,emp282@company.com,38.0,Marketing,Denver,111912.0,15,2015-10-04,False,3,,Xavier White
283,Alice,Johnson,emp283@company.com,41.0,Sales,Chicago,53706.0,29,2020-06-22,False,3,,Alice Johnson
284,Xavier,Taylor,emp284@company.com,62.0,Sales,Austin,53894.0,11,2018-05-12,False,5,,Xavier Taylor
285,Tina,Moore,emp285@company.com,41.0,Operations,Chicago,128986.0,2,2021-02-19,True,5,,Tina Moore
286,Kate,Jones,emp286@company.com,,Finance,NYC,126942.0,10,2016-11-26,False,3,,Kate Jones
287,Quinn,Miller,emp287@company.com,49.0,HR,Miami,74725.0,13,2018-08-02,False,3,,Quinn Miller
288,Henry,Davis,emp288@company.com,61.0,HR,Boston,149555.0,17,2015-02-26,False,3,,Henry Davis
289,Diana,Smith,emp289@company.com,28.0,Marketing,Boston,54496.0,20,2024-03-28,False,5,,Diana Smith
290,Frank,Garcia,emp290@company.com,22.0,Marketing,Denver,101447.0,20,2023-11-09,False,5,Chuck,Frank Garcia
291,Henry,Smith,emp291@company.com,53.0,HR,NYC,146604.0,4,2015-01-19,True,4,,Henry Smith
292,Tina,Johnson,emp292@company.com,,Finance,Austin,133199.0,15,2024-06-03,False,4,,Tina Johnson
293,Charlie,Smith,emp293@company.com,51.0,HR,Denver,86321.0,19,2021-04-30,False,4,Hank,Charlie Smith
294,Paul,Taylor,emp294@company.com,44.0,Finance,NYC,100147.0,4,2022-10-12,False,3,,Paul Taylor
295,Charlie,Jones,emp295@company.com,40.0,Marketing,Seattle,136396.0,2,2015-04-23,False,2,,Charlie Jones
296,Rose,Anderson,emp296@company.com,53.0,Engineering,LA,83787.0,11,2024-04-21,False,3,,Rose Anderson
297,Noah,Martinez,emp297@company.com,51.0,Operations,Denver,66727.0,0,2016-06-25,False,4,,Noah Martinez
298,Rose,Garcia,emp298@company.com,50.0,Marketing,Denver,140081.0,20,2022-05-18,False,4,Di,Rose Garcia
299,Bob,Taylor,emp299@company.com,50.0,Marketing,Austin,167721.0,28,2016-08-01,False,3,,Bob Taylor
300,Victor,Taylor,emp300@company.com,51.0,Sales,Chicago,113056.0,8,2017-12-24,False,5,Al,Victor Taylor
301,Charlie,Smith,emp201@company.com,37.0,Sales,Seattle,179153.0,28,2024-03-17,False,2,,Charlie Smith
302,Paul,Moore,emp302@company.com,61.0,Sales,Austin,125102.0,8,2015-01-25,False,3,,Paul Moore
303,Ivy,Smith,emp303@company.com,40.0,Operations,NYC,121865.0,3,2019-04-22,False,4,,Ivy Smith
304,Diana,Johnson,emp304@company.com,39.0,Sales,NYC,112695.0,2,2020-08-10,False,4,,Diana Johnson
305,Alice,Martinez,emp205@company.com,22.0,Finance,NYC,162235.0,16,2023-02-06,False,4,Hank,Alice Martinez
306,Diana,Williams,emp306@company.com,,HR,Miami,153777.0,1,2019-04-22,False,3,,Diana Williams
307,Alice,Smith,emp307@company.com,23.0,Engineering,NYC,64033.0,23,2015-05-21,False,2,,Alice Smith
308,Noah,Jones,emp308@company.com,49.0,Marketing,Chicago,71832.0,0,2019-11-03,False,4,Bobby,Noah Jones
309,Uma,Miller,emp309@company.com,51.0,Finance,Seattle,160725.0,7,2016-10-09,False,3,,Uma Miller
310,Paul,Garcia,emp310@company.com,59.0,Engineering,Boston,64873.0,12,2021-02-13,False,2,,Paul Garcia
311,Tina,Thomas,emp311@company.com,25.0,Finance,LA,85372.0,22,2023-10-05,False,4,,Tina Thomas
312,Xavier,Smith,emp312@company.com,22.0,Finance,Chicago,134464.0,14,2015-07-20,False,3,,Xavier Smith
313,Henry,Jones,emp313@company.com,29.0,Marketing,Chicago,,7,2023-10-04,False,4,,Henry Jones
314,Grace,Jones,emp314@company.com,50.0,HR,Miami,145082.0,11,2015-09-14,False,4,Bobby,Grace Jones
315,Charlie,Garcia,emp215@company.com,60.0,Sales,Boston,50110.0,21,2016-06-30,False,2,,Charlie Garcia
316,Quinn,Williams,emp316@company.com,24.0,Operations,Boston,57087.0,11,2021-02-19,False,1,,Quinn Williams
317,Alice,Jones,emp317@company.com,53.0,HR,LA,127617.0,13,2022-07-13,False,4,,Alice Jones
318,Paul,Miller,emp318@company.com,31.0,Operations,LA,145483.0,14,2023-09-11,False,4,,Paul Miller
319,Leo,Jones,emp319@company.com,31.0,Marketing,Boston,54596.0,14,2024-02-19,False,4,,Leo Jones
320,Sam,Jones,emp320@company.com,40.0,Marketing,NYC,152539.0,8,2017-03-12,False,4,Chuck,Sam Jones
321,Victor,Jones,emp321@company.com,55.0,Marketing,Chicago,63313.0,18,2017-07-30,True,4,,Victor Jones
322,Wendy,Anderson,emp322@company.com,54.0,Engineering,Austin,158175.0,25,2024-06-17,False,5,,Wendy Anderson
323,Victor,Anderson,emp323@company.com,44.0,Operations,LA,159914.0,19,2024-02-14,True,3,,Victor Anderson
324,Noah,Williams,emp324@company.com,49.0,HR,Miami,68705.0,28,2016-02-18,False,3,,Noah Williams
325,Frank,Smith,emp325@company.com,53.0,HR,Miami,118445.0,21,2020-07-07,False,3,,Frank Smith
326,Frank,Jones,emp326@company.com,28.0,Finance,LA,148892.0,7,2018-10-13,False,2,,Frank Jones
327,Maya,White,emp327@company.com,50.0,Finance,Boston,47023.0,20,2018-01-03,False,3,,Maya White
328,Sam,Martinez,emp328@company.com,29.0,Finance,Seattle,164654.0,18,2024-05-19,False,3,,Sam Martinez
329,Victor,White,emp329@company.com,22.0,Marketing,Austin,125073.0,5,2017-06-28,False,5,,Victor White
330,Henry,Smith,emp330@company.com,24.0,HR,Austin,137197.0,19,2015-07-07,False,3,,Henry Smith
331,Bob,Williams,emp331@company.com,45.0,Operations,LA,109429.0,24,2020-07-08,False,3,,Bob Williams
332,Uma,Moore,emp332@company.com,44.0,Marketing,NYC,149195.0,28,2018-08-06,True,3,,Uma Moore
333,Alice,Moore,emp333@company.com,29.0,Engineering,Seattle,78848.0,18,2020-09-23,False,2,,Alice Moore
334,Olivia,Brown,emp334@company.com,58.0,Finance,Austin,72766.0,3,2020-10-31,False,1,,Olivia Brown
335,Alice,White,emp335@company.com,24.0,Marketing,LA,113099.0,22,2018-02-20,False,3,,Alice White
336,Eve,Smith,emp336@company.com,54.0,Marketing,Miami,114122.0,6,2015-12-24,False,2,Di,Eve Smith
337,Paul,Smith,emp337@company.com,49.0,Engineering,Austin,93868.0,27,2019-04-01,False,4,,Paul Smith
338,Sam,Davis,emp338@company.com,29.0,Sales,Denver,164119.0,27,2017-12-25,False,4,,Sam Davis
339,Diana,Johnson,emp339@company.com,55.0,HR,Seattle,140286.0,3,2023-03-03,False,4,Chuck,Diana Johnson
340,Charlie,Thomas,emp340@company.com,56.0,Operations,Seattle,51643.0,21,2019-08-08,True,4,,Charlie Thomas
341,Quinn,Davis,emp341@company.com,53.0,Sales,Denver,81727.0,11,2021-08-19,False,3,,Quinn Davis
342,Quinn,Miller,emp342@company.com,45.0,Finance,Chicago,154079.0,12,2015-06-11,False,4,,Quinn Miller
343,Leo,Anderson,emp343@company.com,35.0,Marketing,Miami,110697.0,2,2024-06-13,False,4,,Leo Anderson
344,Noah,Anderson,emp344@company.com,53.0,Engineering,Denver,61029.0,21,2024-05-22,False,2,,Noah Anderson
345,Uma,Johnson,emp245@company.com,64.0,Engineering,Boston,154458.0,11,2023-12-04,False,4,,Uma Johnson
346,Frank,Garcia,emp346@company.com,37.0,HR,Boston,155384.0,1,2021-06-27,False,3,,Frank Garcia
347,Charlie,Garcia,emp347@company.com,25.0,Sales,LA,113926.0,23,2016-03-25,False,4,,Charlie Garcia
348,Ivy,Williams,emp348@company.com,58.0,HR,Seattle,100506.0,1,2019-02-06,False,5,,Ivy Williams
349,Eve,Taylor,emp349@company.com,42.0,Marketing,Chicago,123229.0,26,2017-11-02,False,1,,Eve Taylor
350,Xavier,Johnson,emp350@company.com,35.0,HR,Chicago,87092.0,22,2021-02-09,False,4,,Xavier Johnson
351,Quinn,Thomas,emp351@company.com,52.0,Operations,Austin,107539.0,8,2020-11-28,False,4,,Quinn Thomas
352,Noah,Smith,emp352@company.com,39.0,Engineering,Austin,58428.0,0,2020-05-04,False,5,,Noah Smith
353,Uma,Garcia,emp353@company.com,28.0,Engineering,Denver,102775.0,7,2021-12-30,True,3,,Uma Garcia
354,Charlie,Thomas,emp354@company.com,31.0,Finance,Chicago,50469.0,22,2018-08-06,False,4,Di,Charlie Thomas
355,Alice,Jones,emp355@company.com,28.0,Finance,Denver,73854.0,5,2021-05-31,True,2,,Alice Jones
356,Tina,White,emp356@company.com,54.0,Marketing,Miami,121256.0,5,2023-01-30,False,3,,Tina White
357,Uma,White,emp357@company.com,44.0,Operations,Denver,,21,2018-05-23,False,2,,Uma White
358,Wendy,Taylor,emp358@company.com,42.0,Sales,Austin,,24,2017-08-31,False,5,,Wendy Taylor
359,Alice,Martinez,emp359@company.com,40.0,HR,Seattle,129730.0,17,2016-09-23,False,4,,Alice Martinez
360,Charlie,Smith,emp360@company.com,40.0,Marketing,Denver,72386.0,16,2019-05-10,False,4,,Charlie Smith
361,Rose,Miller,emp361@company.com,57.0,Finance,NYC,78787.0,28,2017-11-16,False,5,,Rose Miller
362,Jack,Jones,emp362@company.com,50.0,HR,Seattle,66621.0,11,2022-08-12,False,2,Chuck,Jack Jones
363,Victor,Jones,emp363@company.com,,Finance,Chicago,122984.0,5,2024-01-16,False,3,,Victor Jones
364,Charlie,White,emp364@company.com,23.0,HR,Chicago,79051.0,25,2019-05-08,True,2,,Charlie White
365,Henry,Johnson,emp365@company.com,22.0,Sales,Denver,94811.0,26,2021-06-26,False,3,,Henry Johnson
366,Noah,Taylor,emp366@company.com,26.0,Marketing,Seattle,75447.0,7,2023-02-08,False,3,Al,Noah Taylor
367,Xavier,Williams,emp267@company.com,41.0,HR,Austin,173046.0,18,2024-01-18,False,3,,Xavier Williams
368,Rose,Miller,emp368@company.com,32.0,Operations,Austin,129045.0,27,2019-08-21,False,3,,Rose Miller
369,Olivia,Garcia,emp369@company.com,63.0,Engineering,Boston,161859.0,9,2016-03-12,False,2,,Olivia Garcia
370,Victor,Thomas,emp370@company.com,23.0,Operations,Chicago,48471.0,0,2022-09-29,True,2,,Victor Thomas
371,Wendy,Johnson,emp371@company.com,24.0,Operations,LA,165312.0,24,2019-04-06,False,2,Chuck,Wendy Johnson
372,Bob,Garcia,emp372@company.com,44.0,Engineering,Boston,91850.0,28,2024-07-06,False,5,,Bob Garcia
373,Jack,Johnson,emp373@company.com,33.0,Operations,Austin,99220.0,12,2017-12-12,False,4,,Jack Johnson
374,Bob,Johnson,emp374@company.com,41.0,HR,Seattle,138808.0,16,2024-04-07,False,5,,Bob Johnson
375,Quinn,Johnson,emp375@company.com,,HR,Miami,98072.0,2,2018-07-28,False,3,,Quinn Johnson
376,Henry,White,emp376@company.com,58.0,HR,Austin,128820.0,7,2022-08-05,False,3,,Henry White
377,Alice,Taylor,emp377@company.com,59.0,Engineering,Seattle,68284.0,13,2020-09-09,False,4,,Alice Taylor
378,Ivy,Williams,emp378@company.com,51.0,Operations,Boston,128369.0,2,2021-07-12,False,3,,Ivy Williams
379,Kate,Johnson,emp379@company.com,30.0,Engineering,Chicago,70122.0,15,2015-07-02,True,3,,Kate Johnson
380,Victor,Brown,emp380@company.com,55.0,HR,Austin,175349.0,12,2023-06-22,False,3,,Victor Brown
381,Paul,Martinez,emp381@company.com,56.0,Operations,Denver,115553.0,19,2022-02-04,False,2,,Paul Martinez
382,Grace,Garcia,emp382@company.com,43.0,Operations,Seattle,139788.0,23,2019-01-09,False,3,,Grace Garcia
383,Jack,Smith,emp383@company.com,45.0,Finance,Chicago,107812.0,16,2023-08-12,False,3,,Jack Smith
384,Wendy,Davis,emp384@company.com,38.0,Finance,Miami,52999.0,12,2023-06-09,True,4,,Wendy Davis
385,Charlie,Thomas,emp385@company.com,31.0,Sales,Miami,67436.0,28,2019-01-19,False,2,,Charlie Thomas
386,Rose,White,emp386@company.com,51.0,Marketing,LA,87963.0,5,2019-05-09,False,3,Bobby,Rose White
387,Xavier,Miller,emp387@company.com,44.0,Finance,Seattle,178168.0,16,2019-05-07,False,4,,Xavier Miller
388,Maya,Anderson,emp388@company.com,53.0,Engineering,Boston,153899.0,13,2016-10-21,True,2,,Maya Anderson
389,Grace,Williams,emp389@company.com,38.0,Finance,LA,71201.0,16,2015-06-09,False,3,,Grace Williams
390,Diana,Smith,emp390@company.com,38.0,Sales,LA,50105.0,29,2023-06-13,False,4,,Diana Smith
391,Maya,Jones,emp391@company.com,35.0,Operations,NYC,162666.0,7,2023-11-24,False,2,,Maya Jones
392,Tina,Moore,emp392@company.com,30.0,Sales,Austin,139848.0,10,2021-09-25,False,2,,Tina Moore
393,Alice,Brown,emp393@company.com,61.0,Operations,Seattle,47839.0,19,2017-10-08,False,3,,Alice Brown
394,Henry,Anderson,emp394@company.com,23.0,Operations,LA,113920.0,27,2015-02-22,False,3,Hank,Henry Anderson
395,Noah,Davis,emp395@company.com,46.0,Marketing,NYC,88619.0,0,2021-09-21,False,3,,Noah Davis
396,Paul,Smith,emp396@company.com,60.0,Finance,Boston,87821.0,25,2022-12-04,False,4,,Paul Smith
397,Noah,Anderson,emp397@company.com,30.0,Engineering,Chicago,170736.0,6,2017-11-11,False,2,,Noah Anderson
398,Leo,Smith,emp398@company.com,43.0,Engineering,Denver,62069.0,20,2017-11-19,False,3,,Leo Smith
399,Sam,Thomas,emp399@company.com,64.0,HR,Denver,52531.0,20,2022-07-13,False,3,,Sam Thomas
400,Wendy,Brown,emp400@company.com,25.0,Operations,Seattle,112155.0,16,2021-04-26,False,2,,Wendy Brown
401,Olivia,Davis,emp401@company.com,47.0,Engineering,LA,107424.0,29,2018-05-13,False,4,Chuck,Olivia Davis
402,Bob,Jones,emp402@company.com,,Marketing,Denver,90603.0,9,2023-07-28,False,3,,Bob Jones
403,Bob,Johnson,emp403@company.com,55.0,Operations,Austin,177503.0,10,2019-02-03,True,3,,Bob Johnson
404,Wendy,Garcia,emp404@company.com,44.0,Marketing,Denver,137573.0,21,2022-09-24,True,2,,Wendy Garcia
405,Victor,Jones,emp405@company.com,58.0,Engineering,Denver,148302.0,29,2019-01-29,False,3,,Victor Jones
406,Sam,Johnson,emp406@company.com,32.0,Engineering,Denver,176234.0,8,2017-11-01,False,3,,Sam Johnson
407,Victor,Moore,emp407@company.com,27.0,HR,Miami,64675.0,8,2020-05-04,True,4,,Victor Moore
408,Victor,White,emp408@company.com,39.0,Engineering,NYC,118997.0,23,2024-03-15,False,2,,Victor White
409,Quinn,Taylor,emp409@company.com,42.0,Operations,LA,52896.0,4,2017-04-29,False,3,Frankie,Quinn Taylor
410,Tina,Taylor,emp410@company.com,63.0,Operations,Austin,94733.0,16,2015-12-20,False,3,,Tina Taylor
411,Jack,Taylor,emp411@company.com,57.0,Operations,LA,86800.0,8,2018-01-03,False,4,,Jack Taylor
412,Frank,Williams,emp412@company.com,62.0,HR,Miami,141044.0,16,2022-12-30,True,3,,Frank Williams
413,Olivia,Martinez,emp413@company.com,59.0,HR,Seattle,50347.0,23,2019-10-06,False,4,,Olivia Martinez
414,Victor,Miller,emp414@company.com,55.0,Engineering,Seattle,178715.0,20,2019-01-04,False,4,,Victor Miller
415,Kate,Miller,emp415@company.com,38.0,Sales,Seattle,85785.0,18,2017-09-17,False,4,,Kate Miller
416,Eve,Taylor,emp416@company.com,58.0,Sales,Boston,63681.0,26,2018-06-18,False,3,,Eve Taylor
417,Alice,Garcia,emp417@company.com,46.0,HR,Denver,,6,2023-05-24,False,3,,Alice Garcia
418,Henry,Davis,emp418@company.com,59.0,Engineering,Boston,92299.0,22,2020-02-28,False,4,,Henry Davis
419,Uma,Brown,emp419@company.com,33.0,Sales,NYC,62073.0,8,2023-10-31,False,5,,Uma Brown
420,Leo,Davis,emp420@company.com,44.0,Engineering,Seattle,147304.0,6,2019-12-15,False,4,,Leo Davis
421,Leo,Brown,emp421@company.com,63.0,Engineering,Miami,75682.0,12,2023-09-03,False,3,,Leo Brown
422,Eve,Davis,emp422@company.com,,Engineering,Austin,169302.0,10,2021-05-30,False,2,,Eve Davis
423,Grace,Martinez,emp423@company.com,42.0,Finance,LA,160359.0,13,2021-03-06,True,3,,Grace Martinez
424,Diana,Williams,emp424@company.com,48.0,Operations,Denver,111707.0,18,2024-05-07,False,4,Frankie,Diana Williams
425,Frank,Williams,emp425@company.com,52.0,Engineering,Chicago,110428.0,10,2018-01-16,False,3,,Frank Williams
426,Maya,Taylor,emp426@company.com,27.0,Finance,Austin,95601.0,12,2017-03-28,False,3,,Maya Taylor
427,Tina,Moore,emp427@company.com,48.0,HR,Denver,178611.0,13,2019-12-05,False,4,,Tina Moore
428,Olivia,Johnson,emp428@company.com,61.0,Sales,Boston,156487.0,12,2020-05-14,False,3,,Olivia Johnson
429,Charlie,Moore,emp429@company.com,55.0,Operations,Boston,73228.0,0,2021-09-03,False,4,Al,Charlie Moore
430,Wendy,Anderson,emp430@company.com,33.0,Sales,Austin,167788.0,7,2021-06-30,False,3,,Wendy Anderson
431,Henry,Williams,emp431@company.com,28.0,Operations,Boston,142239.0,11,2023-03-07,False,3,,Henry Williams
432,Tina,Williams,emp432@company.com,31.0,Sales,Seattle,71928.0,18,2017-06-07,False,3,,Tina Williams
433,Paul,Jones,emp433@company.com,38.0,Operations,NYC,63322.0,11,2020-01-30,True,4,,Paul Jones
434,Maya,Jones,emp434@company.com,47.0,Sales,LA,132896.0,7,2018-03-26,False,2,,Maya Jones
435,Rose,Johnson,emp435@company.com,42.0,Sales,NYC,107292.0,7,2016-10-29,False,2,,Rose Johnson
436,Jack,Thomas,emp436@company.com,49.0,Sales,Denver,74055.0,28,2016-09-24,False,5,,Jack Thomas
437,Sam,Anderson,emp437@company.com,23.0,Sales,LA,87891.0,20,2022-03-09,False,2,,Sam Anderson
438,Quinn,Moore,emp438@company.com,64.0,HR,Miami,126912.0,12,2019-07-01,False,3,,Quinn Moore
439,Xavier,Garcia,emp439@company.com,22.0,Engineering,LA,135536.0,11,2015-05-17,False,3,,Xavier Garcia
440,Sam,Jones,emp440@company.com,57.0,Marketing,NYC,51304.0,28,2020-04-30,False,3,,Sam Jones
441,Wendy,Garcia,emp441@company.com,47.0,Finance,Austin,52345.0,15,2019-08-25,False,4,,Wendy Garcia
442,Eve,Smith,emp442@company.com,50.0,Marketing,LA,136006.0,0,2016-03-03,False,3,,Eve Smith
443,Uma,Jones,emp443@company.com,42.0,Marketing,Miami,174350.0,12,2019-01-15,True,3,,Uma Jones
444,Wendy,Martinez,emp344@company.com,32.0,Operations,Miami,64446.0,25,2022-04-13,True,3,,Wendy Martinez
445,Ivy,Thomas,emp445@company.com,61.0,Engineering,Miami,47336.0,6,2023-02-06,False,4,,Ivy Thomas
446,Leo,Anderson,emp446@company.com,32.0,Operations,NYC,107032.0,27,2017-03-29,True,2,Bobby,Leo Anderson
447,Uma,White,emp447@company.com,57.0,Engineering,LA,142852.0,25,2020-12-28,False,3,,Uma White
448,Alice,Johnson,emp448@company.com,60.0,Engineering,Chicago,63474.0,4,2018-01-11,False,2,Chuck,Alice Johnson
449,Alice,Smith,emp449@company.com,61.0,Sales,Austin,100718.0,7,2021-02-02,False,3,,Alice Smith
450,Olivia,White,emp450@company.com,56.0,HR,Seattle,89629.0,24,2015-07-17,False,3,,Olivia White
451,Bob,Anderson,emp451@company.com,55.0,Sales,LA,90232.0,26,2022-04-25,False,2,,Bob Anderson
452,Victor,Moore,emp352@company.com,45.0,HR,Miami,131544.0,13,2020-06-18,False,4,,Victor Moore
453,Paul,Taylor,emp453@company.com,43.0,Operations,Chicago,95669.0,22,2022-07-01,True,3,,Paul Taylor
454,Henry,Martinez,emp454@company.com,26.0,HR,Seattle,114184.0,29,2024-07-24,False,5,,Henry Martinez
455,Maya,Anderson,emp455@company.com,54.0,Operations,Seattle,58140.0,12,2021-09-14,False,5,,Maya Anderson
456,Uma,Martinez,emp456@company.com,57.0,Marketing,Denver,171468.0,14,2016-04-15,False,3,,Uma Martinez
457,Alice,Martinez,emp457@company.com,41.0,Marketing,LA,128457.0,22,2021-03-15,False,2,,Alice Martinez
458,Paul,Garcia,emp458@company.com,40.0,HR,NYC,59357.0,16,2020-05-02,False,3,,Paul Garcia
459,Grace,Davis,emp459@company.com,56.0,HR,LA,156672.0,14,2017-07-17,True,4,,Grace Davis
460,Eve,White,emp460@company.com,64.0,Operations,Chicago,113673.0,19,2020-07-03,False,3,,Eve White
461,Victor,Taylor,emp461@company.com,38.0,Sales,Seattle,166673.0,17,2022-05-03,False,2,,Victor Taylor
462,Wendy,Moore,emp462@company.com,64.0,Operations,LA,110633.0,17,2023-03-18,False,3,,Wendy Moore
463,Charlie,Smith,emp463@company.com,55.0,Sales,NYC,141111.0,1,2017-06-24,True,4,,Charlie Smith
464,Leo,Anderson,emp464@company.com,30.0,Marketing,Denver,123258.0,3,2021-01-31,False,4,,Leo Anderson
465,Paul,Brown,emp465@company.com,47.0,Engineering,LA,114286.0,29,2015-01-23,False,2,,Paul Brown
466,Sam,Smith,emp366@company.com,23.0,HR,Austin,138269.0,0,2015-08-23,False,4,,Sam Smith
467,Eve,Davis,emp467@company.com,30.0,Sales,Denver,119071.0,3,2023-06-12,False,3,,Eve Davis
468,Victor,Smith,emp468@company.com,30.0,Operations,NYC,75651.0,17,2018-01-29,True,3,,Victor Smith
469,Noah,Williams,emp469@company.com,61.0,Marketing,Chicago,115202.0,4,2017-07-17,False,4,,Noah Williams
470,Eve,Moore,emp470@company.com,38.0,Sales,Seattle,93777.0,18,2016-06-06,False,3,,Eve Moore
471,Olivia,Brown,emp471@company.com,22.0,Operations,LA,112263.0,14,2019-12-14,False,3,Frankie,Olivia Brown
472,Quinn,Davis,emp472@company.com,46.0,HR,NYC,145158.0,27,2016-03-06,False,1,,Quinn Davis
473,Noah,Garcia,emp473@company.com,,HR,Denver,55800.0,7,2017-03-03,True,4,,Noah Garcia
474,Tina,White,emp474@company.com,61.0,Finance,Austin,82823.0,19,2019-06-18,False,4,,Tina White
475,Eve,Anderson,emp475@company.com,63.0,Engineering,NYC,108878.0,16,2019-10-03,False,4,,Eve Anderson
476,Leo,Thomas,emp476@company.com,,Finance,Boston,63708.0,0,2016-06-16,False,4,,Leo Thomas
477,Paul,Miller,emp477@company.com,60.0,Marketing,Miami,108870.0,11,2023-04-15,False,2,Chuck,Paul Miller
478,Paul,White,emp478@company.com,56.0,Sales,Austin,54283.0,25,2019-10-13,False,3,,Paul White
479,Uma,Davis,emp379@company.com,24.0,Marketing,Denver,123707.0,18,2019-08-03,False,3,Chuck,Uma Davis
480,Grace,Johnson,emp480@company.com,58.0,Operations,Chicago,50774.0,14,2018-08-09,False,2,,Grace Johnson
481,Diana,Moore,emp481@company.com,51.0,HR,Seattle,141468.0,8,2022-10-28,False,3,,Diana Moore
482,Alice,Anderson,emp482@company.com,59.0,Finance,Denver,141334.0,6,2017-07-01,False,5,,Alice Anderson
483,Eve,White,emp483@company.com,,Finance,Miami,63133.0,1,2018-01-29,False,1,,Eve White
484,Wendy,Taylor,emp484@company.com,33.0,Finance,Chicago,45781.0,28,2019-03-06,False,3,,Wendy Taylor
485,Jack,Davis,emp485@company.com,,Marketing,LA,159586.0,8,2018-08-20,True,3,,Jack Davis
486,Victor,Williams,emp486@company.com,58.0,HR,NYC,72624.0,9,2022-12-28,False,3,,Victor Williams
487,Eve,Miller,emp487@company.com,38.0,Sales,Boston,51823.0,1,2022-01-31,False,5,,Eve Miller
488,Diana,Williams,emp488@company.com,31.0,Operations,Austin,63489.0,18,2017-10-20,False,3,,Diana Williams
489,Bob,Miller,emp489@company.com,33.0,Sales,Austin,74118.0,10,2019-04-26,False,3,,Bob Miller
490,Tina,White,emp490@company.com,,Marketing,NYC,145417.0,12,2018-10-10,False,4,,Tina White
491,Jack,Taylor,emp491@company.com,45.0,Operations,Boston,126816.0,9,2024-03-28,False,2,,Jack Taylor
492,Sam,Thomas,emp492@company.com,40.0,Finance,NYC,58565.0,13,2019-02-28,False,3,,Sam Thomas
493,Alice,Moore,emp493@company.com,29.0,Engineering,LA,136179.0,17,2019-08-09,False,3,,Alice Moore
494,Xavier,Johnson,emp494@company.com,52.0,Marketing,Miami,68648.0,18,2020-06-20,False,3,,Xavier Johnson
495,Eve,Anderson,emp495@company.com,42.0,Marketing,Chicago,86971.0,21,2015-08-15,False,5,,Eve Anderson
496,Maya,Garcia,emp496@company.com,38.0,HR,Denver,63658.0,8,2018-06-13,False,4,Chuck,Maya Garcia
497,Diana,Williams,emp497@company.com,44.0,Sales,Austin,66253.0,24,2017-05-22,False,3,,Diana Williams
498,Paul,Williams,emp498@company.com,58.0,Marketing,LA,133664.0,6,2017-06-10,False,4,,Paul Williams
499,Xavier,Martinez,emp499@company.com,37.0,Marketing,Chicago,148850.0,27,2019-01-18,False,2,,Xavier Martinez
500,Paul,Miller,emp500@company.com,27.0,Finance,LA,178623.0,2,2017-11-02,False,1,,Paul Miller
